siteId,reportStartDateTime,reportEndDateTime,collectionName,isPublic,isLatestVersion,observationType,softwareType,windDirection,relativeHumidity,windSpeed_MilePerHour,windSpeed_MetrePerSecond,dryBulbTemperature_Fahrenheit,temperature,wetBulbTemperature_Fahrenheit,wetBulbTemperature_Celsius,rainfallAmount_Inch,rainfallAmount_Millimetre,rainfallRate_InchPerHour,rainfallRate_MillimetrePerHour,airPressure_InchOfMercury,airPressure_Hectopascal,dewPointTemperature_Fahrenheit,dewPointTemperature_Celsius,isOfficial,isDcnn,longitude,latitude,height,id,localReportEndDateTime,externalSiteId,createdDateTime,version,externalId,datetime,time
f2d42aea-f516-ec11-b76a-0003ff599499,2024-10-02T16:15:00+00:00,2024-10-02T16:15:00+00:00,1,True,True,1,WeatherLink,322,70.4,3.06,1.3679401325024363,60.7,15.944444444444446,54.4,12.444444444444445,0,0,0,0,29.962,1014.62987218,51.0,10.555555555555555,False,False,-8.8545,53.5244,45,20241002oarq1xwy5re69kyhyyguw31uhh,2024-10-02T16:15:00+00:00,1000013318,2024-10-02T16:15:28.5671119+00:00,1,12577570561,2024-10-02 16:15:00+00:00,
f2d42aea-f516-ec11-b76a-0003ff599499,2024-10-02T16:45:00+00:00,2024-10-02T16:45:00+00:00,1,True,True,1,WeatherLink,327,72.4,2.81,1.256180317755505,60.4,15.777777777777777,54.7,12.611111111111112,0,0,0,0,29.961,1014.59600829,51.5,10.833333333333334,False,False,-8.8545,53.5244,45,20241002zafpyewy5we69kyhyytrtenn4a,2024-10-02T16:45:00+00:00,1000013318,2024-10-02T16:45:40.4251616+00:00,1,12577595550,2024-10-02 16:45:00+00:00,
f2d42aea-f516-ec11-b76a-0003ff599499,2024-10-02T17:00:00+00:00,2024-10-02T17:00:00+00:00,1,True,True,1,WeatherLink,27,73.4,2.56,1.144420503008574,59.2,15.111111111111112,53.8,12.111111111111107,0,0,0,0,29.964,1014.69759996,50.7,10.388888888888893,False,False,-8.8545,53.5244,45,202410027k7rmycy5he69kyhyytrtenn4a,2024-10-02T17:00:00+00:00,1000013318,2024-10-02T17:01:12.3376405+00:00,1,12577608947,2024-10-02 17:00:00+00:00,
f2d42aea-f516-ec11-b76a-0003ff599499,2024-10-02T17:15:00+00:00,2024-10-02T17:15:00+00:00,1,True,True,1,WeatherLink,38,74.9,0.93,0.4157465108585836,57.7,14.27777777777778,52.8,11.555555555555554,0,0,0,0,29.969,1014.86691941,49.8,9.888888888888888,False,False,-8.8545,53.5244,45,20241002h49q6thyhre69kyhyytrtenn4a,2024-10-02T17:15:00+00:00,1000013318,2024-10-02T17:15:22.2638326+00:00,1,12577622149,2024-10-02 17:15:00+00:00,
f2d42aea-f516-ec11-b76a-0003ff599499,2024-10-02T17:30:00+00:00,2024-10-02T17:30:00+00:00,1,True,True,1,WeatherLink,0,77.0,0.0,0.0,56.6,13.666666666666668,52.2,11.222222222222223,0,0,0,0,29.975,1015.07010275,49.5,9.72222222222222,False,False,-8.8545,53.5244,45,20241002977ft1hyhce69kyhyytrtenn4a,2024-10-02T17:30:00+00:00,1000013318,2024-10-02T17:30:29.3915476+00:00,1,12577636922,2024-10-02 17:30:00+00:00,
f2d42aea-f516-ec11-b76a-0003ff599499,2024-10-02T17:45:00+00:00,2024-10-02T17:45:00+00:00,1,True,True,1,WeatherLink,79,78.8,0.62,0.277164340572389,55.8,13.22222222222222,51.8,10.999999999999998,0,0,0,0,29.976,1015.10396664,49.3,9.611111111111107,False,False,-8.8545,53.5244,45,20241002nx9d8fcyhae69kyhyyguw31uhh,2024-10-02T17:45:00+00:00,1000013318,2024-10-02T17:45:23.1161622+00:00,1,12577651260,2024-10-02 17:45:00+00:00,
f2d42aea-f516-ec11-b76a-0003ff599499,2024-10-02T18:00:00+00:00,2024-10-02T18:00:00+00:00,1,True,True,1,WeatherLink,359,78.9,1.5,0.6705588884815864,55.4,12.999999999999998,51.5,10.833333333333334,0,0,0,0,29.977,1015.13783053,49.0,9.444444444444445,False,False,-8.8545,53.5244,45,20241002gqqj19wy7ye69kyhyytrtenn4a,2024-10-02T18:00:00+00:00,1000013318,2024-10-02T18:00:33.8132084+00:00,1,12577665884,2024-10-02 18:00:00+00:00,
f2d42aea-f516-ec11-b76a-0003ff599499,2024-10-02T18:15:00+00:00,2024-10-02T18:15:00+00:00,1,True,True,1,WeatherLink,124,79.5,0.37,0.1654045258254579,54.5,12.5,50.8,10.444444444444445,0,0,0,0,29.983,1015.34101387,48.3,9.055555555555554,False,False,-8.8545,53.5244,45,20241002e711tohy7ee69kyhyyguw31uhh,2024-10-02T18:15:00+00:00,1000013318,2024-10-02T18:15:20.9039425+00:00,1,12577680602,2024-10-02 18:15:00+00:00,
f2d42aea-f516-ec11-b76a-0003ff599499,2024-10-02T18:30:00+00:00,2024-10-02T18:30:00+00:00,1,True,True,1,WeatherLink,333,80.9,1.0,0.4470392589877243,53.5,11.944444444444445,50.1,10.055555555555555,0,0,0,0,29.99,1015.5780611,47.8,8.777777777777777,False,False,-8.8545,53.5244,45,20241002pos6xphy7oe69kyhyytrtenn4a,2024-10-02T18:30:00+00:00,1000013318,2024-10-02T18:30:41.1422333+00:00,1,12577695619,2024-10-02 18:30:00+00:00,
f2d42aea-f516-ec11-b76a-0003ff599499,2024-10-02T18:45:00+00:00,2024-10-02T18:45:00+00:00,1,True,True,1,WeatherLink,285,82.7,1.12,0.5006839700662512,52.7,11.500000000000002,49.7,9.833333333333334,0,0,0,0,29.992,1015.64578888,47.6,8.666666666666668,False,False,-8.8545,53.5244,45,20241002xgc7eowy7ae69kyhyytrtenn4a,2024-10-02T18:45:00+00:00,1000013318,2024-10-02T18:45:23.5752557+00:00,1,12577709701,2024-10-02 18:45:00+00:00,
f2d42aea-f516-ec11-b76a-0003ff599499,2024-10-02T19:00:00+00:00,2024-10-02T19:00:00+00:00,1,True,True,1,WeatherLink,84,84.0,0.5,0.2235196294938621,52.0,11.11111111111111,49.3,9.611111111111107,0,0,0,0,29.993,1015.6796527699998,47.3,8.499999999999998,False,False,-8.8545,53.5244,45,20241002uksnmdcy6ye69kyhyyguw31uhh,2024-10-02T19:00:00+00:00,1000013318,2024-10-02T19:00:38.6317128+00:00,1,12577724769,2024-10-02 19:00:00+00:00,
f2d42aea-f516-ec11-b76a-0003ff599499,2024-10-02T19:15:00+00:00,2024-10-02T19:15:00+00:00,1,True,True,1,WeatherLink,339,85.2,0.5,0.2235196294938621,51.5,10.833333333333334,49.0,9.444444444444445,0,0,0,0,29.994,1015.71351666,47.2,8.444444444444446,False,False,-8.8545,53.5244,45,20241002w5ojqjcy6ee69kyhyytrtenn4a,2024-10-02T19:15:00+00:00,1000013318,2024-10-02T19:15:23.4296927+00:00,1,12577739368,2024-10-02 19:15:00+00:00,
f2d42aea-f516-ec11-b76a-0003ff599499,2024-10-02T19:30:00+00:00,2024-10-02T19:30:00+00:00,1,True,True,1,WeatherLink,348,85.8,0.37,0.1654045258254579,51.0,10.555555555555555,48.6,9.222222222222223,0,0,0,0,29.992,1015.64578888,46.9,8.277777777777777,False,False,-8.8545,53.5244,45,20241002317kqiry6oe69kyhyyguw31uhh,2024-10-02T19:30:00+00:00,1000013318,2024-10-02T19:30:38.0997466+00:00,1,12577754175,2024-10-02 19:30:00+00:00,
f2d42aea-f516-ec11-b76a-0003ff599499,2024-10-02T19:45:00+00:00,2024-10-02T19:45:00+00:00,1,True,True,1,WeatherLink,339,86.4,2.06,0.920900873514712,50.5,10.277777777777777,48.3,9.055555555555554,0,0,0,0,29.995,1015.74738055,46.6,8.111111111111112,False,False,-8.8545,53.5244,45,202410025d687mry6ae69kyhyytrtenn4a,2024-10-02T19:45:00+00:00,1000013318,2024-10-02T19:45:25.9699635+00:00,1,12577768206,2024-10-02 19:45:00+00:00,
f2d42aea-f516-ec11-b76a-0003ff599499,2024-10-02T20:00:00+00:00,2024-10-02T20:00:00+00:00,1,True,True,1,WeatherLink,110,87.0,0.75,0.3352794442407932,50.4,10.22222222222222,48.3,9.055555555555554,0,0,0,0,30.001,1015.95056389,46.7,8.166666666666668,False,False,-8.8545,53.5244,45,202410029awap8hy9ye69kyhyyguw31uhh,2024-10-02T20:00:00+00:00,1000013318,2024-10-02T20:00:41.1779074+00:00,1,12577783107,2024-10-02 20:00:00+00:00,
f2d42aea-f516-ec11-b76a-0003ff599499,2024-10-02T20:15:00+00:00,2024-10-02T20:15:00+00:00,1,True,True,1,WeatherLink,286,87.3,1.0,0.4470392589877243,50.1,10.055555555555555,48.1,8.944444444444445,0,0,0,0,30.003,1016.01829167,46.5,8.055555555555555,False,False,-8.8545,53.5244,45,20241002beacu7hy9ce69kyhyyguw31uhh,2024-10-02T20:15:00+00:00,1000013318,2024-10-02T20:15:23.7110322+00:00,1,12577797963,2024-10-02 20:15:00+00:00,
f2d42aea-f516-ec11-b76a-0003ff599499,2024-10-02T20:30:00+00:00,2024-10-02T20:30:00+00:00,1,True,True,1,WeatherLink,40,87.5,1.18,0.5275063256055146,49.9,9.944444444444445,47.9,8.833333333333332,0,0,0,0,30.005,1016.08601945,46.3,7.944444444444443,False,False,-8.8545,53.5244,45,20241002ffx3pary9we69kyhyyguw31uhh,2024-10-02T20:30:00+00:00,1000013318,2024-10-02T20:30:32.8955508+00:00,1,12577812913,2024-10-02 20:30:00+00:00,
f2d42aea-f516-ec11-b76a-0003ff599499,2024-10-02T20:45:00+00:00,2024-10-02T20:45:00+00:00,1,True,True,1,WeatherLink,357,88.1,3.5,1.564637406457035,49.8,9.888888888888888,47.9,8.833333333333332,0,0,0,0,30.006,1016.11988334,46.4,7.999999999999999,False,False,-8.8545,53.5244,45,202410028w183ahy9he69kyhyyguw31uhh,2024-10-02T20:45:00+00:00,1000013318,2024-10-02T20:45:25.415504+00:00,1,12577827205,2024-10-02 20:45:00+00:00,
f2d42aea-f516-ec11-b76a-0003ff599499,2024-10-02T21:00:00+00:00,2024-10-02T21:00:00+00:00,1,True,True,1,WeatherLink,344,88.3,0.93,0.4157465108585836,50.6,10.333333333333334,48.7,9.27777777777778,0,0,0,0,30.008,1016.18761112,47.3,8.499999999999998,False,False,-8.8545,53.5244,45,20241002mw8xzhhbyre69kyhyytrtenn4a,2024-10-02T21:00:00+00:00,1000013318,2024-10-02T21:00:40.4395274+00:00,1,12577842061,2024-10-02 21:00:00+00:00,
f2d42aea-f516-ec11-b76a-0003ff599499,2024-10-02T21:15:00+00:00,2024-10-02T21:15:00+00:00,1,True,True,1,WeatherLink,32,87.6,1.62,0.7242035995601134,51.3,10.72222222222222,49.2,9.555555555555555,0,0,0,0,30.014,1016.39079446,47.7,8.722222222222223,False,False,-8.8545,53.5244,45,20241002pri3tycbyce69kyhyytrtenn4a,2024-10-02T21:15:00+00:00,1000013318,2024-10-02T21:15:21.8313013+00:00,1,12577856619,2024-10-02 21:15:00+00:00,
f2d42aea-f516-ec11-b76a-0003ff599499,2024-10-02T21:30:00+00:00,2024-10-02T21:30:00+00:00,1,True,True,1,WeatherLink,308,87.3,1.93,0.8627857698463078,51.8,10.999999999999998,49.6,9.77777777777778,0,0,0,0,30.012,1016.32306668,48.1,8.944444444444445,False,False,-8.8545,53.5244,45,20241002tfpfh9rbywe69kyhyytrtenn4a,2024-10-02T21:30:00+00:00,1000013318,2024-10-02T21:30:32.6621143+00:00,1,12577871460,2024-10-02 21:30:00+00:00,
f2d42aea-f516-ec11-b76a-0003ff599499,2024-10-02T21:45:00+00:00,2024-10-02T21:45:00+00:00,1,True,True,1,WeatherLink,337,86.6,1.87,0.8359634143070445,52.2,11.222222222222223,49.9,9.944444444444445,0,0,0,0,30.015,1016.42465835,48.3,9.055555555555554,False,False,-8.8545,53.5244,45,20241002um94tzrbyhe69kyhyyguw31uhh,2024-10-02T21:45:00+00:00,1000013318,2024-10-02T21:45:16.7913167+00:00,1,12577885493,2024-10-02 21:45:00+00:00,
f2d42aea-f516-ec11-b76a-0003ff599499,2024-10-02T22:00:00+00:00,2024-10-02T22:00:00+00:00,1,True,True,1,WeatherLink,345,86.4,2.0,0.8940785179754486,52.0,11.11111111111111,49.7,9.833333333333334,0,0,0,0,30.013,1016.35693057,48.1,8.944444444444445,False,False,-8.8545,53.5244,45,20241002ztcuouwbbre69kyhyytrtenn4a,2024-10-02T22:00:00+00:00,1000013318,2024-10-02T22:00:33.3771431+00:00,1,12577900312,2024-10-02 22:00:00+00:00,
f2d42aea-f516-ec11-b76a-0003ff599499,2024-10-02T22:15:00+00:00,2024-10-02T22:15:00+00:00,1,True,True,1,WeatherLink,311,86.7,1.56,0.6973812440208499,51.8,10.999999999999998,49.6,9.77777777777778,0,0,0,0,30.01,1016.2553389,48.0,8.88888888888889,False,False,-8.8545,53.5244,45,20241002339kfmcbbce69kyhyyguw31uhh,2024-10-02T22:15:00+00:00,1000013318,2024-10-02T22:15:23.8460539+00:00,1,12577915048,2024-10-02 22:15:00+00:00,
f2d42aea-f516-ec11-b76a-0003ff599499,2024-10-02T22:30:00+00:00,2024-10-02T22:30:00+00:00,1,True,True,1,WeatherLink,46,87.2,0.93,0.4157465108585836,51.5,10.833333333333334,49.4,9.666666666666666,0,0,0,0,30.012,1016.32306668,47.8,8.777777777777777,False,False,-8.8545,53.5244,45,202410027d9fqecbbwe69kyhyyguw31uhh,2024-10-02T22:30:00+00:00,1000013318,2024-10-02T22:30:28.9534686+00:00,1,12577929608,2024-10-02 22:30:00+00:00,
f2d42aea-f516-ec11-b76a-0003ff599499,2024-10-02T22:45:00+00:00,2024-10-02T22:45:00+00:00,1,True,True,1,WeatherLink,49,87.4,0.18,0.0804670666177903,51.2,10.666666666666668,49.1,9.5,0,0,0,0,30.012,1016.32306668,47.6,8.666666666666668,False,False,-8.8545,53.5244,45,202410029umieerbbhe69kyhyyguw31uhh,2024-10-02T22:45:00+00:00,1000013318,2024-10-02T22:45:19.026919+00:00,1,12577943870,2024-10-02 22:45:00+00:00,
f2d42aea-f516-ec11-b76a-0003ff599499,2024-10-02T23:00:00+00:00,2024-10-02T23:00:00+00:00,1,True,True,1,WeatherLink,284,88.2,0.18,0.0804670666177903,50.5,10.277777777777777,48.6,9.222222222222223,0,0,0,0,30.01,1016.2553389,47.1,8.38888888888889,False,False,-8.8545,53.5244,45,20241002dugzfwhbnee69kyhyytrtenn4a,2024-10-02T23:00:00+00:00,1000013318,2024-10-02T23:00:35.0802532+00:00,1,12577958871,2024-10-02 23:00:00+00:00,
f2d42aea-f516-ec11-b76a-0003ff599499,2024-10-02T23:15:00+00:00,2024-10-02T23:15:00+00:00,1,True,True,1,WeatherLink,16,89.0,0.37,0.1654045258254579,50.0,10.0,48.2,9.000000000000002,0,0,0,0,30.007,1016.15374723,46.9,8.277777777777777,False,False,-8.8545,53.5244,45,20241002gbmbewrbnoe69kyhyytrtenn4a,2024-10-02T23:15:00+00:00,1000013318,2024-10-02T23:15:27.2208559+00:00,1,12577973717,2024-10-02 23:15:00+00:00,
f2d42aea-f516-ec11-b76a-0003ff599499,2024-10-02T23:30:00+00:00,2024-10-02T23:30:00+00:00,1,True,True,1,WeatherLink,336,89.5,1.43,0.6392661403524457,49.6,9.77777777777778,47.9,8.833333333333332,0,0,0,0,30.005,1016.08601945,46.6,8.111111111111112,False,False,-8.8545,53.5244,45,20241002knanorcbnae69kyhyytrtenn4a,2024-10-02T23:30:00+00:00,1000013318,2024-10-02T23:30:35.4760608+00:00,1,12577988222,2024-10-02 23:30:00+00:00,
f2d42aea-f516-ec11-b76a-0003ff599499,2024-10-02T23:45:00+00:00,2024-10-02T23:45:00+00:00,1,True,True,1,WeatherLink,304,90.2,1.5,0.6705588884815864,49.1,9.5,47.6,8.666666666666668,0,0,0,0,30.0,1015.9167,46.4,7.999999999999999,False,False,-8.8545,53.5244,45,20241002cfx6t5wbdye69kyhyyguw31uhh,2024-10-02T23:45:00+00:00,1000013318,2024-10-02T23:45:25.5743151+00:00,1,12578002285,2024-10-02 23:45:00+00:00,
f2d42aea-f516-ec11-b76a-0003ff599499,2024-10-03T00:00:00+00:00,2024-10-03T00:00:00+00:00,1,True,True,1,WeatherLink,322,90.7,1.0,0.4470392589877243,48.6,9.222222222222223,47.2,8.444444444444446,0,0,0,0,29.99,1015.5780611,46.0,7.777777777777778,False,False,-8.8545,53.5244,45,20241003xe6ibrrbdee69kyhyyguw31uhh,2024-10-03T00:00:00+00:00,1000013318,2024-10-03T00:00:29.9248644+00:00,1,12578016771,2024-10-03 00:00:00+00:00,
f2d42aea-f516-ec11-b76a-0003ff599499,2024-10-03T00:15:00+00:00,2024-10-03T00:15:00+00:00,1,True,True,1,WeatherLink,55,91.4,0.18,0.0804670666177903,48.5,9.166666666666666,47.2,8.444444444444446,0,0,0,0,29.991,1015.61192499,46.1,7.833333333333334,False,False,-8.8545,53.5244,45,202410031jwobawbdoe69kyhyyguw31uhh,2024-10-03T00:15:00+00:00,1000013318,2024-10-03T00:15:20.9541017+00:00,1,12578031795,2024-10-03 00:15:00+00:00,
f2d42aea-f516-ec11-b76a-0003ff599499,2024-10-03T00:30:00+00:00,2024-10-03T00:30:00+00:00,1,True,True,1,WeatherLink,0,92.0,0.0,0.0,49.0,9.444444444444445,47.8,8.777777777777777,0,0,0,0,29.989,1015.54419721,46.8,8.22222222222222,False,False,-8.8545,53.5244,45,20241003sz5iperbdae69kyhyytrtenn4a,2024-10-03T00:30:00+00:00,1000013318,2024-10-03T00:30:43.3819273+00:00,1,12578046964,2024-10-03 00:30:00+00:00,
f2d42aea-f516-ec11-b76a-0003ff599499,2024-10-03T00:45:00+00:00,2024-10-03T00:45:00+00:00,1,True,True,1,WeatherLink,297,91.9,1.37,0.6124437848131823,49.2,9.555555555555555,47.9,8.833333333333332,0,0,0,0,29.991,1015.61192499,46.9,8.277777777777777,False,False,-8.8545,53.5244,45,20241003azi9zihbrye69kyhyyguw31uhh,2024-10-03T00:45:00+00:00,1000013318,2024-10-03T00:45:25.2069638+00:00,1,12578060591,2024-10-03 00:45:00+00:00,
f2d42aea-f516-ec11-b76a-0003ff599499,2024-10-03T01:00:00+00:00,2024-10-03T01:00:00+00:00,1,True,True,1,WeatherLink,296,91.6,2.87,1.2830026732947688,49.7,9.833333333333334,48.4,9.11111111111111,0,0,0,0,29.992,1015.64578888,47.4,8.555555555555555,False,False,-8.8545,53.5244,45,202410037c5ocywbree69kyhyyguw31uhh,2024-10-03T01:00:00+00:00,1000013318,2024-10-03T01:00:49.6273111+00:00,1,12578075958,2024-10-03 01:00:00+00:00,
f2d42aea-f516-ec11-b76a-0003ff599499,2024-10-03T01:15:00+00:00,2024-10-03T01:15:00+00:00,1,True,True,1,WeatherLink,62,91.0,1.43,0.6392661403524457,49.8,9.888888888888888,48.4,9.11111111111111,0,0,0,0,29.99,1015.5780611,47.3,8.499999999999998,False,False,-8.8545,53.5244,45,2024100365oqg6wbroe69kyhyytrtenn4a,2024-10-03T01:15:00+00:00,1000013318,2024-10-03T01:15:24.2826472+00:00,1,12578090064,2024-10-03 01:15:00+00:00,
f2d42aea-f516-ec11-b76a-0003ff599499,2024-10-03T01:30:00+00:00,2024-10-03T01:30:00+00:00,1,True,True,1,WeatherLink,63,91.1,3.31,1.4796999472493673,49.5,9.72222222222222,48.1,8.944444444444445,0,0,0,0,29.984,1015.37487776,47.0,8.333333333333334,False,False,-8.8545,53.5244,45,20241003buf8q3rbrhe69kyhyyguw31uhh,2024-10-03T01:30:00+00:00,1000013318,2024-10-03T01:30:27.1641535+00:00,1,12578104518,2024-10-03 01:30:00+00:00,
f2d42aea-f516-ec11-b76a-0003ff599499,2024-10-03T01:45:00+00:00,2024-10-03T01:45:00+00:00,1,True,True,1,WeatherLink,275,91.3,0.75,0.3352794442407932,49.1,9.5,47.8,8.777777777777777,0,0,0,0,29.981,1015.27328609,46.7,8.166666666666668,False,False,-8.8545,53.5244,45,20241003rnuckprbfre69kyhyyguw31uhh,2024-10-03T01:45:00+00:00,1000013318,2024-10-03T01:45:20.5563284+00:00,1,12578118760,2024-10-03 01:45:00+00:00,
f2d42aea-f516-ec11-b76a-0003ff599499,2024-10-03T02:00:00+00:00,2024-10-03T02:00:00+00:00,1,True,True,1,WeatherLink,319,91.7,1.06,0.4738616145269878,48.9,9.388888888888888,47.6,8.666666666666668,0,0,0,0,29.977,1015.13783053,46.6,8.111111111111112,False,False,-8.8545,53.5244,45,20241003ez3jq9hbfce69kyhyyguw31uhh,2024-10-03T02:00:00+00:00,1000013318,2024-10-03T02:00:35.4347006+00:00,1,12578133305,2024-10-03 02:00:00+00:00,
f2d42aea-f516-ec11-b76a-0003ff599499,2024-10-03T02:15:00+00:00,2024-10-03T02:15:00+00:00,1,True,True,1,WeatherLink,34,92.2,1.93,0.8627857698463078,49.0,9.444444444444445,47.8,8.777777777777777,0,0,0,0,29.973,1015.00237497,46.8,8.22222222222222,False,False,-8.8545,53.5244,45,20241003kxdsdyhbfwe69kyhyyguw31uhh,2024-10-03T02:15:00+00:00,1000013318,2024-10-03T02:15:20.6174699+00:00,1,12578148115,2024-10-03 02:15:00+00:00,
f2d42aea-f516-ec11-b76a-0003ff599499,2024-10-03T02:45:00+00:00,2024-10-03T02:45:00+00:00,1,True,True,1,WeatherLink,16,92.4,0.37,0.1654045258254579,49.7,9.833333333333334,48.5,9.166666666666666,0,0,0,0,29.966,1014.76532774,47.6,8.666666666666668,False,False,-8.8545,53.5244,45,20241003ohnezghbgre69kyhyyguw31uhh,2024-10-03T02:45:00+00:00,1000013318,2024-10-03T02:45:20.365867+00:00,1,12578176974,2024-10-03 02:45:00+00:00,
f2d42aea-f516-ec11-b76a-0003ff599499,2024-10-03T03:00:00+00:00,2024-10-03T03:00:00+00:00,1,True,True,1,WeatherLink,328,92.0,1.62,0.7242035995601134,50.0,10.0,48.8,9.333333333333332,0,0,0,0,29.963,1014.66373607,47.8,8.777777777777777,False,False,-8.8545,53.5244,45,20241003whf3t9wbgce69kyhyytrtenn4a,2024-10-03T03:00:00+00:00,1000013318,2024-10-03T03:00:37.3895651+00:00,1,12578191946,2024-10-03 03:00:00+00:00,
f2d42aea-f516-ec11-b76a-0003ff599499,2024-10-03T03:15:00+00:00,2024-10-03T03:15:00+00:00,1,True,True,1,WeatherLink,330,91.8,4.12,1.841801747029424,50.2,10.111111111111112,48.9,9.388888888888888,0,0,0,0,29.961,1014.59600829,47.9,8.833333333333332,False,False,-8.8545,53.5244,45,20241003zgrgxywbgwe69kyhyytrtenn4a,2024-10-03T03:15:00+00:00,1000013318,2024-10-03T03:15:23.4311448+00:00,1,12578206399,2024-10-03 03:15:00+00:00,
f2d42aea-f516-ec11-b76a-0003ff599499,2024-10-03T03:30:00+00:00,2024-10-03T03:30:00+00:00,1,True,True,1,WeatherLink,356,91.4,3.37,1.5065223027886308,50.5,10.277777777777777,49.1,9.5,0,0,0,0,29.955,1014.39282495,48.1,8.944444444444445,False,False,-8.8545,53.5244,45,202410034mhfa7wbghe69kyhyytrtenn4a,2024-10-03T03:30:00+00:00,1000013318,2024-10-03T03:30:24.8982355+00:00,1,12578220785,2024-10-03 03:30:00+00:00,
f2d42aea-f516-ec11-b76a-0003ff599499,2024-10-03T03:45:00+00:00,2024-10-03T03:45:00+00:00,1,True,True,1,WeatherLink,333,91.2,1.37,0.6124437848131823,50.6,10.333333333333334,49.2,9.555555555555555,0,0,0,0,29.952,1014.29123328,48.1,8.944444444444445,False,False,-8.8545,53.5244,45,20241003h3q5g8hb8re69kyhyyguw31uhh,2024-10-03T03:45:00+00:00,1000013318,2024-10-03T03:45:20.9638827+00:00,1,12578235087,2024-10-03 03:45:00+00:00,
f2d42aea-f516-ec11-b76a-0003ff599499,2024-10-03T04:00:00+00:00,2024-10-03T04:00:00+00:00,1,True,True,1,WeatherLink,44,91.0,1.31,0.5856214292739188,50.8,10.444444444444445,49.4,9.666666666666666,0,0,0,0,29.946,1014.08804994,48.3,9.055555555555554,False,False,-8.8545,53.5244,45,20241003bc6m6prb8oe69kyhyyguw31uhh,2024-10-03T04:00:00+00:00,1000013318,2024-10-03T04:00:37.9107512+00:00,1,12578250032,2024-10-03 04:00:00+00:00,
f2d42aea-f516-ec11-b76a-0003ff599499,2024-10-03T04:15:00+00:00,2024-10-03T04:15:00+00:00,1,True,True,1,WeatherLink,347,90.9,2.18,0.974545584593239,50.9,10.499999999999998,49.4,9.666666666666666,0,0,0,0,29.946,1014.08804994,48.3,9.055555555555554,False,False,-8.8545,53.5244,45,20241003dgpwuacb8ae69kyhyyguw31uhh,2024-10-03T04:15:00+00:00,1000013318,2024-10-03T04:15:21.3712732+00:00,1,12578264756,2024-10-03 04:15:00+00:00,
f2d42aea-f516-ec11-b76a-0003ff599499,2024-10-03T04:30:00+00:00,2024-10-03T04:30:00+00:00,1,True,True,1,WeatherLink,279,90.4,1.5,0.6705588884815864,51.2,10.666666666666668,49.6,9.77777777777778,0,0,0,0,29.948,1014.15577772,48.5,9.166666666666666,False,False,-8.8545,53.5244,45,20241003865rqyrbeye69kyhyyguw31uhh,2024-10-03T04:30:00+00:00,1000013318,2024-10-03T04:30:46.4356834+00:00,1,12578279967,2024-10-03 04:30:00+00:00,
f2d42aea-f516-ec11-b76a-0003ff599499,2024-10-03T04:45:00+00:00,2024-10-03T04:45:00+00:00,1,True,True,1,WeatherLink,50,90.0,1.43,0.6392661403524457,51.3,10.72222222222222,49.7,9.833333333333334,0,0,0,0,29.953,1014.32509717,48.5,9.166666666666666,False,False,-8.8545,53.5244,45,20241003jt9fsmhbeee69kyhyytrtenn4a,2024-10-03T04:45:00+00:00,1000013318,2024-10-03T04:45:23.4042424+00:00,1,12578293471,2024-10-03 04:45:00+00:00,
f2d42aea-f516-ec11-b76a-0003ff599499,2024-10-03T05:00:00+00:00,2024-10-03T05:00:00+00:00,1,True,True,1,WeatherLink,17,89.7,1.81,0.809141058767781,51.4,10.777777777777777,49.7,9.833333333333334,0,0,0,0,29.949,1014.18964161,48.5,9.166666666666666,False,False,-8.8545,53.5244,45,20241003pq73c9cbeoe69kyhyytrtenn4a,2024-10-03T05:00:00+00:00,1000013318,2024-10-03T05:00:43.183461+00:00,1,12578308656,2024-10-03 05:00:00+00:00,
f2d42aea-f516-ec11-b76a-0003ff599499,2024-10-03T05:15:00+00:00,2024-10-03T05:15:00+00:00,1,True,True,1,WeatherLink,73,89.4,1.5,0.6705588884815864,51.4,10.777777777777777,49.7,9.833333333333334,0,0,0,0,29.953,1014.32509717,48.4,9.11111111111111,False,False,-8.8545,53.5244,45,20241003xnf9hacbeae69kyhyytrtenn4a,2024-10-03T05:15:00+00:00,1000013318,2024-10-03T05:15:21.1128564+00:00,1,12578323025,2024-10-03 05:15:00+00:00,
f2d42aea-f516-ec11-b76a-0003ff599499,2024-10-03T05:30:00+00:00,2024-10-03T05:30:00+00:00,1,True,True,1,WeatherLink,4,89.2,5.0,2.2351962949386213,51.5,10.833333333333334,49.7,9.833333333333334,0,0,0,0,29.947,1014.12191383,48.4,9.11111111111111,False,False,-8.8545,53.5244,45,2024100319c4y8hbjye69kyhyyguw31uhh,2024-10-03T05:30:00+00:00,1000013318,2024-10-03T05:30:28.1869059+00:00,1,12578337733,2024-10-03 05:30:00+00:00,
f2d42aea-f516-ec11-b76a-0003ff599499,2024-10-03T05:45:00+00:00,2024-10-03T05:45:00+00:00,1,True,True,1,WeatherLink,26,89.0,2.87,1.2830026732947688,51.5,10.833333333333334,49.7,9.833333333333334,0,0,0,0,29.946,1014.08804994,48.4,9.11111111111111,False,False,-8.8545,53.5244,45,20241003iknomcwbjee69kyhyyguw31uhh,2024-10-03T05:45:00+00:00,1000013318,2024-10-03T05:45:21.6901744+00:00,1,12578351891,2024-10-03 05:45:00+00:00,
f2d42aea-f516-ec11-b76a-0003ff599499,2024-10-03T06:00:00+00:00,2024-10-03T06:00:00+00:00,1,True,True,1,WeatherLink,34,88.8,3.0,1.3411177769631728,51.5,10.833333333333334,49.6,9.77777777777778,0,0,0,0,29.951,1014.25736939,48.3,9.055555555555554,False,False,-8.8545,53.5244,45,20241003azwujthbjoe69kyhyyguw31uhh,2024-10-03T06:00:00+00:00,1000013318,2024-10-03T06:00:26.4980528+00:00,1,12578366167,2024-10-03 06:00:00+00:00,
f2d42aea-f516-ec11-b76a-0003ff599499,2024-10-03T06:15:00+00:00,2024-10-03T06:15:00+00:00,1,True,True,1,WeatherLink,53,88.8,0.62,0.277164340572389,51.5,10.833333333333334,49.6,9.77777777777778,0,0,0,0,29.963,1014.66373607,48.3,9.055555555555554,False,False,-8.8545,53.5244,45,202410035fg58qcbjae69kyhyyguw31uhh,2024-10-03T06:15:00+00:00,1000013318,2024-10-03T06:15:19.8080759+00:00,1,12578381391,2024-10-03 06:15:00+00:00,
f2d42aea-f516-ec11-b76a-0003ff599499,2024-10-03T06:30:00+00:00,2024-10-03T06:30:00+00:00,1,True,True,1,WeatherLink,332,88.8,3.37,1.5065223027886308,51.3,10.72222222222222,49.5,9.72222222222222,0,0,0,0,29.961,1014.59600829,48.1,8.944444444444445,False,False,-8.8545,53.5244,45,202410036kiugerbkye69kyhyyguw31uhh,2024-10-03T06:30:00+00:00,1000013318,2024-10-03T06:30:22.6542078+00:00,1,12578395901,2024-10-03 06:30:00+00:00,
f2d42aea-f516-ec11-b76a-0003ff599499,2024-10-03T06:45:00+00:00,2024-10-03T06:45:00+00:00,1,True,True,1,WeatherLink,51,88.7,1.93,0.8627857698463078,51.3,10.72222222222222,49.5,9.72222222222222,0,0,0,0,29.956,1014.42668884,48.1,8.944444444444445,False,False,-8.8545,53.5244,45,20241003bh9wcarbkce69kyhyytrtenn4a,2024-10-03T06:45:00+00:00,1000013318,2024-10-03T06:45:24.8598775+00:00,1,12578410503,2024-10-03 06:45:00+00:00,
f2d42aea-f516-ec11-b76a-0003ff599499,2024-10-03T07:00:00+00:00,2024-10-03T07:00:00+00:00,1,True,True,1,WeatherLink,354,88.8,2.0,0.8940785179754486,51.3,10.72222222222222,49.5,9.72222222222222,0,0,0,0,29.955,1014.39282495,48.1,8.944444444444445,False,False,-8.8545,53.5244,45,20241003fnitmahbkwe69kyhyytrtenn4a,2024-10-03T07:00:00+00:00,1000013318,2024-10-03T07:00:27.8935554+00:00,1,12578425057,2024-10-03 07:00:00+00:00,
f2d42aea-f516-ec11-b76a-0003ff599499,2024-10-03T07:15:00+00:00,2024-10-03T07:15:00+00:00,1,True,True,1,WeatherLink,15,88.9,3.5,1.564637406457035,51.2,10.666666666666668,49.4,9.666666666666666,0,0,0,0,29.955,1014.39282495,48.0,8.88888888888889,False,False,-8.8545,53.5244,45,2024100387gp9swbkhe69kyhyyguw31uhh,2024-10-03T07:15:00+00:00,1000013318,2024-10-03T07:15:22.0446618+00:00,1,12578439924,2024-10-03 07:15:00+00:00,
f2d42aea-f516-ec11-b76a-0003ff599499,2024-10-03T07:30:00+00:00,2024-10-03T07:30:00+00:00,1,True,True,1,WeatherLink,90,88.7,2.75,1.2293579622162418,51.4,10.777777777777777,49.5,9.72222222222222,0,0,0,0,29.956,1014.42668884,48.2,9.000000000000002,False,False,-8.8545,53.5244,45,20241003m8qkagcbmre69kyhyytrtenn4a,2024-10-03T07:30:00+00:00,1000013318,2024-10-03T07:30:27.6638064+00:00,1,12578454498,2024-10-03 07:30:00+00:00,
f2d42aea-f516-ec11-b76a-0003ff599499,2024-10-03T07:45:00+00:00,2024-10-03T07:45:00+00:00,1,True,True,1,WeatherLink,48,88.5,0.62,0.277164340572389,51.5,10.833333333333334,49.6,9.77777777777778,0,0,0,0,29.955,1014.39282495,48.2,9.000000000000002,False,False,-8.8545,53.5244,45,20241003pmche6wbmce69kyhyyguw31uhh,2024-10-03T07:45:00+00:00,1000013318,2024-10-03T07:45:21.2377311+00:00,1,12578468743,2024-10-03 07:45:00+00:00,
f2d42aea-f516-ec11-b76a-0003ff599499,2024-10-03T08:00:00+00:00,2024-10-03T08:00:00+00:00,1,True,True,1,WeatherLink,56,88.3,0.68,0.3039866961116525,51.5,10.833333333333334,49.6,9.77777777777778,0,0,0,0,29.957,1014.46055273,48.2,9.000000000000002,False,False,-8.8545,53.5244,45,20241003ohzj8phbmwe69kyhyytrtenn4a,2024-10-03T08:00:00+00:00,1000013318,2024-10-03T08:00:25.6381395+00:00,1,12578483182,2024-10-03 08:00:00+00:00,
f2d42aea-f516-ec11-b76a-0003ff599499,2024-10-03T08:15:00+00:00,2024-10-03T08:15:00+00:00,1,True,True,1,WeatherLink,11,87.8,5.0,2.2351962949386213,51.8,10.999999999999998,49.8,9.888888888888888,0,0,0,0,29.959,1014.52828051,48.3,9.055555555555554,False,False,-8.8545,53.5244,45,20241003u6y9hsrbmhe69kyhyytrtenn4a,2024-10-03T08:15:00+00:00,1000013318,2024-10-03T08:15:23.099821+00:00,1,12578498503,2024-10-03 08:15:00+00:00,
f2d42aea-f516-ec11-b76a-0003ff599499,2024-10-03T08:30:00+00:00,2024-10-03T08:30:00+00:00,1,True,True,1,WeatherLink,354,86.9,6.12,2.7358802650048726,52.2,11.222222222222223,50.0,10.0,0,0,0,0,29.963,1014.66373607,48.4,9.11111111111111,False,False,-8.8545,53.5244,45,20241003a99gtahbcre69kyhyyguw31uhh,2024-10-03T08:30:00+00:00,1000013318,2024-10-03T08:30:50.3925321+00:00,1,12578513707,2024-10-03 08:30:00+00:00,
f2d42aea-f516-ec11-b76a-0003ff599499,2024-10-03T08:45:00+00:00,2024-10-03T08:45:00+00:00,1,True,True,1,WeatherLink,37,86.2,2.5,1.1175981474693106,52.5,11.38888888888889,50.2,10.111111111111112,0,0,0,0,29.968,1014.83305552,48.5,9.166666666666666,False,False,-8.8545,53.5244,45,20241003371f9drbcce69kyhyyguw31uhh,2024-10-03T08:45:00+00:00,1000013318,2024-10-03T08:45:20.6107413+00:00,1,12578527480,2024-10-03 08:45:00+00:00,
f2d42aea-f516-ec11-b76a-0003ff599499,2024-10-03T09:00:00+00:00,2024-10-03T09:00:00+00:00,1,True,True,1,WeatherLink,290,85.7,3.56,1.5914597619962985,52.9,11.61111111111111,50.4,10.22222222222222,0,0,0,0,29.967,1014.79919163,48.7,9.27777777777778,False,False,-8.8545,53.5244,45,20241003dqgwg3hbcae69kyhyytrtenn4a,2024-10-03T09:00:00+00:00,1000013318,2024-10-03T09:01:43.3477232+00:00,1,12578544160,2024-10-03 09:00:00+00:00,
f2d42aea-f516-ec11-b76a-0003ff599499,2024-10-03T09:30:00+00:00,2024-10-03T09:30:00+00:00,1,True,True,1,WeatherLink,352,84.0,4.31,1.9267392062370916,53.5,11.944444444444445,50.7,10.388888888888893,0,0,0,0,29.969,1014.86691941,48.8,9.333333333333332,False,False,-8.8545,53.5244,45,20241003f657wjwbpee69kyhyyguw31uhh,2024-10-03T09:30:00+00:00,1000013318,2024-10-03T09:30:58.2151046+00:00,1,12578571849,2024-10-03 09:30:00+00:00,
f2d42aea-f516-ec11-b76a-0003ff599499,2024-10-03T09:45:00+00:00,2024-10-03T09:45:00+00:00,1,True,True,1,WeatherLink,2,82.9,5.18,2.315663361556412,54.0,12.22222222222222,50.9,10.499999999999998,0,0,0,0,29.965,1014.73146385,48.9,9.388888888888888,False,False,-8.8545,53.5244,45,20241003gy5ddhhbpoe69kyhyyguw31uhh,2024-10-03T09:45:00+00:00,1000013318,2024-10-03T09:45:24.0054335+00:00,1,12578585180,2024-10-03 09:45:00+00:00,
f2d42aea-f516-ec11-b76a-0003ff599499,2024-10-03T10:00:00+00:00,2024-10-03T10:00:00+00:00,1,True,True,1,WeatherLink,93,82.4,4.06,1.8149793914901604,54.5,12.5,51.3,10.72222222222222,0,0,0,0,29.948,1014.15577772,49.2,9.555555555555555,False,False,-8.8545,53.5244,45,20241003kx1sbwcbpae69kyhyyguw31uhh,2024-10-03T10:00:00+00:00,1000013318,2024-10-03T10:00:42.5078334+00:00,1,12578600134,2024-10-03 10:00:00+00:00,
f2d42aea-f516-ec11-b76a-0003ff599499,2024-10-03T10:15:00+00:00,2024-10-03T10:15:00+00:00,1,True,True,1,WeatherLink,42,81.7,8.31,3.7148962421879888,54.8,12.666666666666664,51.5,10.833333333333334,0,0,0,0,29.946,1014.08804994,49.3,9.611111111111107,False,False,-8.8545,53.5244,45,20241003cftnb3cbqye69kyhyytrtenn4a,2024-10-03T10:15:00+00:00,1000013318,2024-10-03T10:15:22.0510327+00:00,1,12578614754,2024-10-03 10:15:00+00:00,
f2d42aea-f516-ec11-b76a-0003ff599499,2024-10-03T10:30:00+00:00,2024-10-03T10:30:00+00:00,1,True,True,1,WeatherLink,30,82.3,5.25,2.346956109685552,54.9,12.72222222222222,51.7,10.944444444444446,0,0,0,0,29.949,1014.18964161,49.6,9.77777777777778,False,False,-8.8545,53.5244,45,20241003oac8c6hbqee69kyhyyguw31uhh,2024-10-03T10:30:00+00:00,1000013318,2024-10-03T10:30:36.9186145+00:00,1,12578629704,2024-10-03 10:30:00+00:00,
f2d42aea-f516-ec11-b76a-0003ff599499,2024-10-03T10:45:00+00:00,2024-10-03T10:45:00+00:00,1,True,True,1,WeatherLink,343,81.6,2.75,1.2293579622162418,55.4,12.999999999999998,52.0,11.11111111111111,0,0,0,0,29.943,1013.98645827,49.9,9.944444444444445,False,False,-8.8545,53.5244,45,2024100319ejhrwbqoe69kyhyyguw31uhh,2024-10-03T10:45:00+00:00,1000013318,2024-10-03T10:45:25.1089519+00:00,1,12578643119,2024-10-03 10:45:00+00:00,
f2d42aea-f516-ec11-b76a-0003ff599499,2024-10-03T11:00:00+00:00,2024-10-03T11:00:00+00:00,1,True,True,1,WeatherLink,60,80.9,10.75,4.805672034118036,55.9,13.277777777777777,52.3,11.277777777777777,0,0,0,0,29.937,1013.78327493,50.1,10.055555555555555,False,False,-8.8545,53.5244,45,20241003ix7s5swbqae69kyhyyguw31uhh,2024-10-03T11:00:00+00:00,1000013318,2024-10-03T11:00:26.4688067+00:00,1,12578657402,2024-10-03 11:00:00+00:00,
f2d42aea-f516-ec11-b76a-0003ff599499,2024-10-03T11:15:00+00:00,2024-10-03T11:15:00+00:00,1,True,True,1,WeatherLink,340,80.3,3.87,1.730041932282493,56.4,13.555555555555554,52.7,11.500000000000002,0,0,0,0,29.933,1013.64781937,50.4,10.22222222222222,False,False,-8.8545,53.5244,45,202410033bjjkorbxye69kyhyyguw31uhh,2024-10-03T11:15:00+00:00,1000013318,2024-10-03T11:15:33.3377789+00:00,1,12578671997,2024-10-03 11:15:00+00:00,
f2d42aea-f516-ec11-b76a-0003ff599499,2024-10-03T11:30:00+00:00,2024-10-03T11:30:00+00:00,1,True,True,1,WeatherLink,340,79.9,5.87,2.6241204502579416,56.6,13.666666666666668,52.8,11.555555555555554,0,0,0,0,29.93,1013.5462277,50.5,10.277777777777777,False,False,-8.8545,53.5244,45,20241003hfyqhgcbxee69kyhyyguw31uhh,2024-10-03T11:30:00+00:00,1000013318,2024-10-03T11:30:24.9709315+00:00,1,12578686174,2024-10-03 11:30:00+00:00,
f2d42aea-f516-ec11-b76a-0003ff599499,2024-10-03T11:45:00+00:00,2024-10-03T11:45:00+00:00,1,True,True,1,WeatherLink,338,79.3,3.06,1.3679401325024363,56.9,13.833333333333332,53.0,11.666666666666666,0,0,0,0,29.927,1013.44463603,50.6,10.333333333333334,False,False,-8.8545,53.5244,45,2024100361a5qcwbxoe69kyhyyguw31uhh,2024-10-03T11:45:00+00:00,1000013318,2024-10-03T11:45:23.2225178+00:00,1,12578700590,2024-10-03 11:45:00+00:00,
f2d42aea-f516-ec11-b76a-0003ff599499,2024-10-03T12:00:00+00:00,2024-10-03T12:00:00+00:00,1,True,True,1,WeatherLink,340,79.3,3.75,1.676397221203966,57.4,14.11111111111111,53.4,11.888888888888888,0,0,0,0,29.925,1013.37690825,51.0,10.555555555555555,False,False,-8.8545,53.5244,45,20241003dy15mgwbxhe69kyhyytrtenn4a,2024-10-03T12:00:00+00:00,1000013318,2024-10-03T12:00:36.2885353+00:00,1,12578715260,2024-10-03 12:00:00+00:00,
f2d42aea-f516-ec11-b76a-0003ff599499,2024-10-03T12:15:00+00:00,2024-10-03T12:15:00+00:00,1,True,True,1,WeatherLink,313,78.1,3.68,1.6451044730748254,58.1,14.5,53.8,12.111111111111107,0,0,0,0,29.922,1013.27531658,51.3,10.72222222222222,False,False,-8.8545,53.5244,45,20241003fhrm1thbore69kyhyyguw31uhh,2024-10-03T12:15:00+00:00,1000013318,2024-10-03T12:15:39.3359785+00:00,1,12578730966,2024-10-03 12:15:00+00:00,
f2d42aea-f516-ec11-b76a-0003ff599499,2024-10-03T12:30:00+00:00,2024-10-03T12:30:00+00:00,1,True,True,1,WeatherLink,272,77.1,6.75,3.017514998167139,58.5,14.72222222222222,53.9,12.166666666666666,0,0,0,0,29.917,1013.10599713,51.3,10.72222222222222,False,False,-8.8545,53.5244,45,20241003ekyigtrboce69kyhyyguw31uhh,2024-10-03T12:30:00+00:00,1000013318,2024-10-03T12:30:33.0902834+00:00,1,12578745284,2024-10-03 12:30:00+00:00,
f2d42aea-f516-ec11-b76a-0003ff599499,2024-10-03T12:45:00+00:00,2024-10-03T12:45:00+00:00,1,True,True,1,WeatherLink,26,77.8,5.18,2.315663361556412,58.2,14.555555555555555,53.9,12.166666666666666,0,0,0,0,29.911,1012.90281379,51.3,10.72222222222222,False,False,-8.8545,53.5244,45,20241003k33s8xrbowe69kyhyytrtenn4a,2024-10-03T12:45:00+00:00,1000013318,2024-10-03T12:45:22.734318+00:00,1,12578760012,2024-10-03 12:45:00+00:00,
f2d42aea-f516-ec11-b76a-0003ff599499,2024-10-03T13:00:00+00:00,2024-10-03T13:00:00+00:00,1,True,True,1,WeatherLink,351,77.9,8.25,3.688073886648725,58.2,14.555555555555555,53.9,12.166666666666666,0,0,0,0,29.902,1012.59803878,51.3,10.72222222222222,False,False,-8.8545,53.5244,45,20241003p5rkzxcbohe69kyhyyguw31uhh,2024-10-03T13:00:00+00:00,1000013318,2024-10-03T13:00:24.3332565+00:00,1,12578774567,2024-10-03 13:00:00+00:00,
f2d42aea-f516-ec11-b76a-0003ff599499,2024-10-03T13:15:00+00:00,2024-10-03T13:15:00+00:00,1,True,True,1,WeatherLink,30,77.5,10.56,4.720734574910368,58.4,14.666666666666666,54.0,12.22222222222222,0,0,0,0,29.897,1012.42871933,51.4,10.777777777777777,False,False,-8.8545,53.5244,45,20241003t39f9ewbtre69kyhyyguw31uhh,2024-10-03T13:15:00+00:00,1000013318,2024-10-03T13:15:34.6049896+00:00,1,12578789613,2024-10-03 13:15:00+00:00,
f2d42aea-f516-ec11-b76a-0003ff599499,2024-10-03T13:30:00+00:00,2024-10-03T13:30:00+00:00,1,True,True,1,WeatherLink,277,77.9,6.75,3.017514998167139,58.6,14.77777777777778,54.2,12.333333333333334,0,0,0,0,29.896,1012.39485544,51.7,10.944444444444446,False,False,-8.8545,53.5244,45,20241003w8tc95rbtce69kyhyytrtenn4a,2024-10-03T13:30:00+00:00,1000013318,2024-10-03T13:30:26.0552688+00:00,1,12578803449,2024-10-03 13:30:00+00:00,
f2d42aea-f516-ec11-b76a-0003ff599499,2024-10-03T13:45:00+00:00,2024-10-03T13:45:00+00:00,1,True,True,1,WeatherLink,34,77.5,14.25,6.370309440575071,58.4,14.666666666666666,54.0,12.22222222222222,0,0,0,0,29.89,1012.1916721,51.4,10.777777777777777,False,False,-8.8545,53.5244,45,20241003zqzcg4rbtwe69kyhyyguw31uhh,2024-10-03T13:45:00+00:00,1000013318,2024-10-03T13:45:23.9220738+00:00,1,12578817869,2024-10-03 13:45:00+00:00,
f2d42aea-f516-ec11-b76a-0003ff599499,2024-10-03T14:00:00+00:00,2024-10-03T14:00:00+00:00,1,True,True,1,WeatherLink,335,77.8,3.68,1.6451044730748254,58.3,14.611111111111107,53.9,12.166666666666666,0,0,0,0,29.886,1012.05621654,51.4,10.777777777777777,False,False,-8.8545,53.5244,45,202410034sie5kcbthe69kyhyyguw31uhh,2024-10-03T14:00:00+00:00,1000013318,2024-10-03T14:00:25.2118092+00:00,1,12578832191,2024-10-03 14:00:00+00:00,
f2d42aea-f516-ec11-b76a-0003ff599499,2024-10-03T14:15:00+00:00,2024-10-03T14:15:00+00:00,1,True,True,1,WeatherLink,14,77.2,3.75,1.676397221203966,58.9,14.944444444444445,54.4,12.444444444444445,0,0,0,0,29.88,1011.8530332,51.8,10.999999999999998,False,False,-8.8545,53.5244,45,202410037edh3yhb1re69kyhyyguw31uhh,2024-10-03T14:15:00+00:00,1000013318,2024-10-03T14:15:20.6677085+00:00,1,12578846874,2024-10-03 14:15:00+00:00,
f2d42aea-f516-ec11-b76a-0003ff599499,2024-10-03T14:30:00+00:00,2024-10-03T14:30:00+00:00,1,True,True,1,WeatherLink,354,76.9,5.56,2.4855382799717467,58.9,14.944444444444445,54.3,12.388888888888888,0,0,0,0,29.877,1011.75144153,51.7,10.944444444444446,False,False,-8.8545,53.5244,45,20241003b396uzhb1oe69kyhyytrtenn4a,2024-10-03T14:30:00+00:00,1000013318,2024-10-03T14:30:45.6588747+00:00,1,12578862046,2024-10-03 14:30:00+00:00,
f2d42aea-f516-ec11-b76a-0003ff599499,2024-10-03T14:45:00+00:00,2024-10-03T14:45:00+00:00,1,True,True,1,WeatherLink,307,76.5,3.93,1.7568642878217564,58.9,14.944444444444445,54.2,12.333333333333334,0,0,0,0,29.873,1011.61598597,51.5,10.833333333333334,False,False,-8.8545,53.5244,45,20241003m16wydcb1ae69kyhyytrtenn4a,2024-10-03T14:45:00+00:00,1000013318,2024-10-03T14:47:10.3227765+00:00,1,12578876749,2024-10-03 14:45:00+00:00,
f2d42aea-f516-ec11-b76a-0003ff599499,2024-10-03T15:00:00+00:00,2024-10-03T15:00:00+00:00,1,True,True,1,WeatherLink,5,77.5,9.25,4.135113145636449,58.5,14.72222222222222,54.1,12.27777777777778,0,0,0,0,29.867,1011.41280263,51.5,10.833333333333334,False,False,-8.8545,53.5244,45,20241003mxugxbcbuye69kyhyytrtenn4a,2024-10-03T15:00:00+00:00,1000013318,2024-10-03T15:01:27.9432439+00:00,1,12578888986,2024-10-03 15:00:00+00:00,
